"","ID","Age","Biomass"
"1",1,12,51.15865791
"2",2,13,41.66443131
"3",3,14,49.27996602
"4",4,14,65.77370413
"5",5,15,45.11504914
"6",6,16,61.81107235
"7",7,17,64.91607722
"8",8,18,60.8473122
"9",9,19,65.83731787
"10",10,2,0.014301916
"11",11,2,0.760328948
"12",12,20,73.71975271
"13",13,20,68.20981328
"14",14,20,115.8481438
"15",15,22,117.6497357
"16",16,22,67.53137882
"17",17,22,76.77449125
"18",18,24,106.9526422
"19",19,25,70.38868194
"20",20,26,98.10125967
"21",21,29,146.2383131
"22",22,3,0.456185829
"23",23,30,117.9002439
"24",24,31,133.2032295
"25",25,4,0.254270049
"26",26,5,14.40481685
"27",27,5,24.94626421
"28",28,6,14.33595172
"29",29,6,73.34782362
"30",30,6,14.16144295
"31",31,6,56.9166773
"32",32,6,1.916170245
"33",33,7,30.79556574
"34",34,7,50.92694852
"35",35,7,44.81831371
"36",36,7,4.900919814
"37",37,8,36.9144605
"38",38,8,35.69909297
"39",39,8,63.24588987
"40",40,8,12.70901493
"41",41,8,4.821777341
"42",42,9,48.37343539
"43",43,9,43.30974405
"44",44,9,61.52760449
"45",45,9,28.60148263
"46",46,11,109.7318576
"47",47,18,121.9745492
"48",48,2,0
"49",49,30,164.54919
"50",50,7,54.0702316
"51",51,200,342.9182601
"52",52,10,26.36489981
"53",53,10,30.01191156
"54",54,10,53.57534676
"55",55,10,39.55039441
"56",56,11,57.52245283
"57",57,11,42.08721859
"58",58,11,52.04433667
"59",59,11,60.46510262
"60",60,11,46.72347001
"61",61,24,106.2840115
"62",62,24,165.0969532
"63",63,24,73.44775721
"64",64,24,87.49945927
"65",65,24,90.96111776
"66",66,25,120.9371009
"67",67,25,75.43990662
"68",68,25,136.6032902
"69",69,25,106.1276694
"70",70,40,74.04403313
"71",71,40,190.4906036
"72",72,40,121.1708024
"73",73,40,185.5261356
"74",74,40,209.5705621
"75",75,40,129.6842143
"76",76,40,158.4810311
"77",77,40,201.3161943
"78",78,40,162.6682892
"79",79,200,266.3161568
"80",80,200,394.2407778
"81",81,200,320.220305
"82",82,200,371.1682296
"83",83,200,590.4194373
"84",84,200,408.444418
"85",85,200,480.6345986
"86",86,200,1111.287818
"87",87,200,235.0024862
"88",88,200,371.7022733
"89",89,200,376.5602744
"90",90,200,429.3710445
"91",91,200,431.6647936
"92",92,200,533.4239386
"93",93,200,386.5306823
"94",94,100,211.834383
"95",95,100,302.5901081
"96",96,20,231.0153326
"97",97,20,34.69544605
"98",98,40,149.7291255
"99",99,40,145.6879962
"100",100,70,210.8493208
"101",101,70,367.2820485
"102",102,200,168.9552284
"103",103,200,237.2421982
"104",104,10,114.8240074
"105",105,14,121.1347125
"106",106,18,150.3143031
"107",107,21,180.6036323
"108",108,25,151.0042257
"109",109,32,371.9346425
"110",110,33,238.4698393
"111",111,35,158.3987329
"112",112,37,128.1943048
"113",113,38,197.4331157
"114",114,4,15.46533034
"115",115,43,329.7293272
"116",116,47,484.4025554
"117",117,5,42.12827719
"118",118,7,156.5558421
"119",119,200,286.1348875
"120",120,200,322.3642659
"121",121,15,41.36214602
"122",122,15,32.58729761
"123",123,20,42.46318368
"124",124,20,58.6312691
"125",125,27,50.16417057
"126",126,27,83.21236974
"127",127,59,165.4792534
"128",128,59,102.1377779
"129",129,59,129.5300076
"130",130,10,29.75887285
"131",131,10,11.82458657
"132",132,30,145.7323954
"133",133,60,173.6287973
"134",134,60,219.6389988
"135",135,80,406.541891
"136",136,80,407.6869054
"137",137,200,188.4593833
"138",138,200,116.1304312
"139",139,200,178.8805675
"140",140,0,6.956211506
"141",141,1,0.043009493
"142",142,1,0.616015464
"143",143,11,62.47790938
"144",144,12,103.5579641
"145",145,13,73.67301894
"146",146,14,86.04246869
"147",147,18,73.12481015
"148",148,18,128.0095026
"149",149,2,18.04586282
"150",150,23,146.2392812
"151",151,25,116.7099815
"152",152,27,113.9022653
"153",153,5,3.944449991
"154",154,6,64.82141867
"155",155,9,44.53566251
"156",156,9,110.0189741
"157",157,200,170.381707
"158",158,200,213.9782556
"159",159,200,177.1288847
"160",160,13,22.40642797
"161",161,15,36.87974854
"162",162,15,39.21001547
"163",163,3,2.089328897
"164",164,3,0
"165",165,4,2.003273923
"166",166,6,0.560537729
"167",167,7,2.481903815
"168",168,8,3.603246034
"169",169,200,69.66528851
"170",170,200,97.41802961
"171",171,200,53.99351601
"172",172,12,43.50688934
"173",173,12,114.3194301
"174",174,12,42.48257536
"175",175,12,84.37725006
"176",176,12,39.57249383
"177",177,14,62.50373284
"178",178,16,64.6122612
"179",179,17,157.7551276
"180",180,20,166.7552538
"181",181,20,81.62872156
"182",182,5,42.69398397
"183",183,5,76.95580688
"184",184,5,1.350482087
"185",185,5,5.29284728
"186",186,5,24.13827947
"187",187,5,31.85555446
"188",188,5,39.03212649
"189",189,5,44.81674941
"190",190,5,68.60745301
"191",191,50,412.0160368
"192",192,6,76.14274057
"193",193,6,22.19328464
"194",194,6,41.62513858
"195",195,7,36.18826983
"196",196,7,60.25477857
"197",197,7,29.06989476
"198",198,200,237.9380139
"199",199,200,250.3623367
"200",200,10,115.9703657
"201",201,10,130.8766922
"202",202,15,100.4498709
"203",203,18,207.9484822
"204",204,19,90.42719194
"205",205,20,135.335796
"206",206,20,255.7001796
"207",207,25,143.5130356
"208",208,25,233.424593
"209",209,5,50.85600752
"210",210,6,78.46279816
"211",211,6,97.2920806
"212",212,8,60.90667017
"213",213,8,90.4293833
"214",214,8,87.63207263
"215",215,10,87.18997788
"216",216,10,164.6502709
"217",217,10,81.2438823
"218",218,10,147.1941094
"219",219,10,42.51409524
"220",220,15,148.7906202
"221",221,20,484.6464219
"222",222,20,227.5215444
"223",223,20,299.6186802
"224",224,20,109.3614823
"225",225,20,213.1667206
"226",226,20,264.1851429
"227",227,25,303.1089465
"228",228,29,278.2490254
"229",229,31,276.8016698
"230",230,40,279.0576378
"231",231,40,336.4375886
"232",232,40,194.1856909
"233",233,5,135.9346595
"234",234,6,11.61245949
"235",235,6,11.97079389
"236",236,6,25.34754968
"237",237,6,45.7074682
"238",238,8,219.6527718
"239",239,8.5,83.8692583
"240",240,11,27.1544712
"241",241,11,4.063667088
"242",242,2,0.291540353
"243",243,2,3.089556226
"244",244,20,87.56161502
"245",245,20,185.4007531
"246",246,40,442.5816018
"247",247,40,262.8916487
"248",248,6,55.5466689
"249",249,6,5.593899314
"250",250,65,282.1986689
"251",251,70,590.1492663
"252",252,12,114.4430953
"253",253,12,69.18037815
"254",254,13,78.53558467
"255",255,13,131.3433674
"256",256,24,253.7930384
"257",257,24,104.8858944
"258",258,25,110.8637251
"259",259,25,61.06961221
"260",260,36,141.1320815
"261",261,36,196.6421222
"262",262,37,138.5982345
"263",263,37,112.9127625
"264",264,4,26.31323581
"265",265,4,36.86739312
"266",266,4,16.07494277
"267",267,4,13.48099446
"268",268,51,165.6798341
"269",269,51,106.336721
"270",270,52,221.2723415
"271",271,52,256.774433
"272",272,75,220.7022559
"273",273,76,224.1771611
"274",274,76,344.0103249
"275",275,76,247.1590361
"276",276,76,251.6430781
"277",277,76,161.2729835
"278",278,76,131.6831657
"279",279,77,289.9771844
"280",280,200,268.8227295
"281",281,200,191.4469388
"282",282,200,165.5548178
"283",283,14,102.0067504
"284",284,15,95.79873286
"285",285,15,89.53761064
"286",286,16,99.2091383
"287",287,16,39.98651429
"288",288,2,4.865088481
"289",289,2,12.54761802
"290",290,28,140.5537679
"291",291,29,133.3809707
"292",292,3,17.42958481
"293",293,3,13.68451133
"294",294,6,64.26305018
"295",295,75,163.0992235
"296",296,75,215.6878074
"297",297,75,163.3380007
"298",298,75,167.5021519
"299",299,75,187.0948886
"300",300,75,167.4364006
"301",301,75,78.50519691
"302",302,75,204.142503
"303",303,75,110.5011218
"304",304,75,126.2163154
"305",305,75,130.7881387
"306",306,75,172.0002426
"307",307,75,136.9915778
"308",308,75,154.4949733
"309",309,9,69.36775667
"310",310,9,70.54719305
"311",311,9,53.73169342
"312",312,200,216.6732753
"313",313,200,304.7833074
"314",314,200,440.4561652
"315",315,200,288.5762634
"316",316,200,368.7876599
"317",317,200,2063.403856
"318",318,200,299.6671316
"319",319,200,486.9122728
"320",320,200,1196.027694
"321",321,200,259.4170089
"322",322,200,583.4704954
"323",323,200,156.7944162
"324",324,200,367.9512126
"325",325,200,697.1053872
"326",326,10,85.6219854
"327",327,10,27.60799796
"328",328,11,58.17841179
"329",329,11,52.19544069
"330",330,12,74.51142598
"331",331,12,111.063124
"332",332,13,128.0673918
"333",333,14,94.81077415
"334",334,14,81.63309789
"335",335,15,167.8824091
"336",336,15,122.563403
"337",337,15,102.5125306
"338",338,16,50.72250281
"339",339,17,78.1620513
"340",340,17,67.68456643
"341",341,21,141.7956842
"342",342,23,126.0518599
"343",343,23,72.86007726
"344",344,24,90.07264438
"345",345,25,101.0391165
"346",346,25,130.5357576
"347",347,3,28.75631541
"348",348,3,36.29776474
"349",349,3,4.910707429
"350",350,3,3.20823601
"351",351,3,10.73727474
"352",352,30,160.1303348
"353",353,30,159.0499936
"354",354,30,238.8197331
"355",355,38,127.1218206
"356",356,38,81.3216719
"357",357,38,114.519812
"358",358,38,240.5395665
"359",359,38,360.8173803
"360",360,4,27.54311007
"361",361,5,30.40837634
"362",362,5,81.90822048
"363",363,5,14.28395254
"364",364,6,157.8984921
"365",365,6,11.7645328
"366",366,7,43.64845405
"367",367,7,39.55945146
"368",368,7,16.21603478
"369",369,75,106.4563753
"370",370,75,209.8532664
"371",371,75,137.6966576
"372",372,75,136.127588
"373",373,75,74.33917933
"374",374,75,101.0655304
"375",375,75,279.8409898
"376",376,75,214.1078368
"377",377,75,96.21761181
"378",378,75,162.1160232
"379",379,75,164.5624708
"380",380,75,125.6811768
"381",381,75,255.1479357
"382",382,75,86.48897775
"383",383,75,409.2977322
"384",384,75,397.1058089
"385",385,8,97.5376438
"386",386,9,48.19981929
"387",387,9,42.16029361
"388",388,9,22.33539796
"389",389,200,213.39914
"390",390,200,1413.361814
"391",391,200,355.641811
"392",392,200,278.8565291
"393",393,200,333.5858899
"394",394,200,161.0966242
"395",395,200,729.2126472
"396",396,200,177.1839591
"397",397,200,186.8628287
"398",398,200,170.4219351
"399",399,200,381.9983558
"400",400,200,758.627302
"401",401,200,159.8347659
"402",402,200,176.2768298
"403",403,10,122.1165582
"404",404,11,131.6388021
"405",405,25,162.1328508
"406",406,3,34.41031599
"407",407,5,20.62993023
"408",408,8,13.99850271
"409",409,200,448.3035824
"410",410,14,49.2399588
"411",411,2,33.97753133
"412",412,25,111.4785895
"413",413,28,138.528812
"414",414,4,9.678293562
"415",415,40,250.985619
"416",416,200,270.5169251
"417",417,1,2.76822063
"418",418,10,529.786765
"419",419,10,61.04889868
"420",420,10,38.64400171
"421",421,10,91.7905557
"422",422,10,65.49344538
"423",423,10,242.3723941
"424",424,10,104.1951442
"425",425,10,54.67445518
"426",426,11,106.4497859
"427",427,15,88.14696486
"428",428,15,119.7073908
"429",429,15,317.7056797
"430",430,15,101.8967674
"431",431,15,134.5751214
"432",432,15,125.6044133
"433",433,2,1.384142767
"434",434,20,383.8889871
"435",435,20,264.3501674
"436",436,20,388.2245517
"437",437,20,379.7846516
"438",438,20,389.5266364
"439",439,20,212.1102172
"440",440,20,302.4344734
"441",441,20,414.6888966
"442",442,20,250.8757035
"443",443,20,154.929339
"444",444,20,128.4413208
"445",445,20,112.2267701
"446",446,25,223.0164542
"447",447,25,348.1755394
"448",448,25,28.62370394
"449",449,30,220.4678317
"450",450,30,133.461058
"451",451,30,194.4570619
"452",452,30,146.0023947
"453",453,30,765.6833134
"454",454,30,276.8351548
"455",455,30,961.0598778
"456",456,30,398.2549944
"457",457,30,284.6669026
"458",458,30,249.4286463
"459",459,30,170.5823896
"460",460,30,558.6630485
"461",461,30,96.65523527
"462",462,30,89.39314101
"463",463,30,271.2796162
"464",464,31,444.9876661
"465",465,31,906.0806626
"466",466,31,676.4034155
"467",467,4,11.89781801
"468",468,4,42.62012939
"469",469,5,137.4471483
"470",470,5,88.12589895
"471",471,5,44.03453074
"472",472,5,20.5191439
"473",473,5,70.88928688
"474",474,6,25.75768784
"475",475,7,22.42568278
"476",476,7,49.37813994
"477",477,7,262.1478607
"478",478,7,45.51471996
"479",479,7,120.2059058
"480",480,7,62.56459254
"481",481,8,49.88753892
"482",482,8,61.73062516
"483",483,10,21.53440554
"484",484,14,66.1826802
"485",485,15,123.919811
"486",486,20,282.2507386
"487",487,25,219.6940146
"488",488,35,279.1566672
"489",489,37,179.6022613
"490",490,37,59.41228778
"491",491,59,292.5862449
"492",492,60,365.9325081
"493",493,76,458.1849921
"494",494,9,11.85937191
"495",495,200,219.9404177
"496",496,200,365.8064129
"497",497,200,221.2393788
"498",498,10,99.84493852
"499",499,10,93.47822574
"500",500,10,193.4577528
"501",501,10,133.1708356
"502",502,10,65.80285981
"503",503,10,98.23375021
"504",504,10,259.2381029
"505",505,10,102.7365758
"506",506,12,278.1539533
"507",507,12,93.56285108
"508",508,12,107.7831615
"509",509,12,120.038182
"510",510,12,226.007874
"511",511,12,179.2446971
"512",512,12,159.7993624
"513",513,12,237.7910664
"514",514,15,139.0469963
"515",515,15,140.8303724
"516",516,15,204.1509373
"517",517,15,186.4148938
"518",518,15,150.908145
"519",519,15,139.0105539
"520",520,15,523.4363731
"521",521,15,135.3288232
"522",522,15,241.9284144
"523",523,15,160.1757276
"524",524,15,197.1241468
"525",525,15,294.2548776
"526",526,15,34.65899062
"527",527,15,260.360427
"528",528,16,365.8690452
"529",529,17,511.4319106
"530",530,17,297.1638339
"531",531,19,238.8927792
"532",532,2,34.81299925
"533",533,20,177.2974986
"534",534,20,970.8026761
"535",535,20,176.799688
"536",536,20,214.4141625
"537",537,20,152.9256345
"538",538,20,183.5960215
"539",539,20,462.223263
"540",540,20,258.8430362
"541",541,20,94.05184822
"542",542,3,88.36174924
"543",543,3,65.57524011
"544",544,3,135.2329635
"545",545,3,130.8418273
"546",546,3,254.0035361
"547",547,3,468.4791734
"548",548,3,78.82917521
"549",549,30,291.4936453
"550",550,30,68.31996436
"551",551,30,201.4308949
"552",552,30,111.0465527
"553",553,30,341.4488363
"554",554,30,504.3458513
"555",555,4,148.773796
"556",556,4,572.2262695
"557",557,4,14.23064471
"558",558,4,81.00115435
"559",559,4,243.8766954
"560",560,40,320.8743731
"561",561,40,487.3393063
"562",562,40,126.8366759
"563",563,40,559.930985
"564",564,40,210.0195763
"565",565,5,28.68800271
"566",566,5,267.9481488
"567",567,5,138.7163574
"568",568,5,301.1663105
"569",569,5,299.7546805
"570",570,5,219.5158179
"571",571,50,59.90875795
"572",572,50,463.7501416
"573",573,6,65.892292
"574",574,6,122.4156567
"575",575,6,87.64879956
"576",576,6,83.99351983
"577",577,7,179.4829413
"578",578,8,89.26353729
"579",579,8,144.0838467
"580",580,8,151.3517901
"581",581,8,125.2047228
"582",582,8,202.6352516
"583",583,14,35.25578473
"584",584,14,25.73632522
"585",585,14,54.10206421
"586",586,14,11.62632586
"587",587,14,12.97612498
"588",588,14,21.02676886
"589",589,34,93.37792391
"590",590,34,106.0994507
"591",591,34,114.2263408
"592",592,34,64.24436314
"593",593,34,85.14031709
"594",594,34,130.5597688
"595",595,58,169.9478067
"596",596,58,135.7399195
"597",597,58,198.9684721
"598",598,58,206.7935761
"599",599,58,186.9422557
"600",600,58,208.7962821
"601",601,11,3.706856272
"602",602,12,21.64204336
"603",603,18,32.21453043
"604",604,2,0
"605",605,20,36.47064776
"606",606,25,23.99448345
"607",607,3,0
"608",608,32,40.97122879
"609",609,38,57.48616975
"610",610,42,56.85035202
"611",611,56,62.46734451
"612",612,60,71.33958128
"613",613,7,4.753916093
"614",614,9,6.689660733
"615",615,200,99.86811556
"616",616,200,318.3294905
"617",617,200,159.6673478
"618",618,200,131.6448679
"619",619,200,192.8124447
"620",620,200,105.2846044
"621",621,200,132.3804679
"622",622,200,146.413921
"623",623,200,112.0956823
"624",624,200,107.1056556
"625",625,200,162.3504394
"626",626,200,161.8656574
"627",627,200,106.9213557
"628",628,200,140.7711724
"629",629,10,52.84961221
"630",630,12,80.19580872
"631",631,13,81.05865087
"632",632,15,61.17239518
"633",633,15,130.2141441
"634",634,17,251.7359264
"635",635,21,113.7559702
"636",636,21,181.5617503
"637",637,25,101.8579213
"638",638,25,173.5642573
"639",639,30,165.7610605
"640",640,33,582.9905553
"641",641,35,218.8696355
"642",642,50,249.5243449
"643",643,60,142.3843997
"644",644,60,310.1581371
"645",645,7,54.81995816
"646",646,7,34.29458634
"647",647,8,101.5987729
"648",648,22,21.67522634
"649",649,22,14.69180499
"650",650,22,25.86544093
"651",651,22,24.59416959
"652",652,22,22.80418673
"653",653,44,19.72401136
"654",654,44,32.76516873
"655",655,44,14.68421583
"656",656,44,31.78430949
"657",657,44,34.40047801
"658",658,64,26.62093219
"659",659,64,37.36565129
"660",660,64,38.00264621
"661",661,64,39.3084265
"662",662,64,26.15207902
"663",663,13,132.1500263
"664",664,13,30.19693529
"665",665,13,60.56483344
"666",666,13,110.8705967
"667",667,13,55.94239264
"668",668,13,98.80759737
"669",669,13,102.3692102
"670",670,13,54.73617474
"671",671,13,65.84376861
"672",672,13,21.08966233
"673",673,13,35.4425412
"674",674,13,30.88547474
"675",675,13,22.19967114
"676",676,24,153.7914886
"677",677,24,468.3101412
"678",678,24,263.4202036
"679",679,24,11.92493698
"680",680,24,55.07460721
"681",681,24,33.29970753
"682",682,24,12.50509327
"683",683,24,114.1220682
"684",684,24,65.42845549
"685",685,44,235.3385935
"686",686,44,201.454767
"687",687,44,413.5260636
"688",688,44,25.39471264
"689",689,44,116.6246166
"690",690,44,325.5998325
"691",691,44,158.6312893
"692",692,56,452.782414
"693",693,56,79.26792377
"694",694,56,350.3962133
"695",695,56,1442.133898
"696",696,56,1462.350481
"697",697,56,125.8120915
"698",698,56,194.8305806
"699",699,56,3655.200493
"700",700,56,341.8701704
"701",701,56,42.6941885
"702",702,56,1046.397938
"703",703,56,911.0726242
"704",704,6,23.95733565
"705",705,6,18.29391135
"706",706,6,116.2403673
"707",707,6,33.86431912
"708",708,6,31.24558069
"709",709,6,159.9977184
"710",710,8,44.76432741
"711",711,8,8.602782214
"712",712,8,36.92077093
"713",713,8,145.2042519
"714",714,8,463.4180083
"715",715,8,77.99926042
"716",716,8,88.99926689
"717",717,8,76.57124271
"718",718,8,111.7094494
"719",719,8,41.36282096
"720",720,8,41.43738089
"721",721,8,81.57460297
"722",722,10,250.9249652
"723",723,10,129.1155609
"724",724,10,113.7608895
"725",725,10,120.7270983
"726",726,15,149.8309973
"727",727,17.5,58.18507008
"728",728,19,385.9946761
"729",729,19,151.2266028
"730",730,20,172.2238937
"731",731,20,214.9855452
"732",732,20,138.3026416
"733",733,27,215.9966628
"734",734,27.5,448.2005482
"735",735,27.5,287.4779759
"736",736,30,177.6397801
"737",737,30,130.2606753
"738",738,30,127.1507464
"739",739,30,132.2439108
"740",740,5,184.2995783
"741",741,6,86.12366799
"742",742,6,148.9336558
"743",743,6,42.73137095
"744",744,6.5,247.1690311
"745",745,8,22.95628861
"746",746,8,63.71646078
"747",747,8,106.1477126
"748",748,200,143.4363881
"749",749,200,577.0138158
"750",750,200,327.6563865
"751",751,200,252.4286922
"752",752,200,356.4121168
"753",753,200,928.2579828
"754",754,200,147.8422236
"755",755,200,801.2220123
"756",756,10,218.8874245
"757",757,11,73.27922114
"758",758,11,70.35069392
"759",759,13.5,145.1286908
"760",760,13.5,92.64182645
"761",761,17.5,151.5036449
"762",762,17.5,141.9088595
"763",763,18,63.27782255
"764",764,18,59.15222634
"765",765,20,170.581859
"766",766,20,120.5352353
"767",767,20,214.1951472
"768",768,27.5,143.558318
"769",769,27.5,334.1543528
"770",770,30,115.0854853
"771",771,30,135.197138
"772",772,30,253.1508444
"773",773,30,247.9651239
"774",774,6.5,65.32859512
"775",775,6.5,50.54265149
"776",776,6.5,54.1223419
"777",777,7,42.63580019
"778",778,7,227.9908684
"779",779,7,100.3116806
"780",780,8.5,103.7205388
"781",781,8.5,108.2639352
"782",782,200,356.8567718
"783",783,200,545.3326929
"784",784,200,364.0262882
"785",785,200,602.0583131
"786",786,200,220.7555373
"787",787,200,210.2660055
"788",788,200,564.6041992
"789",789,200,283.0502865
"790",790,1,0.925313722
"791",791,10,12.92961965
"792",792,10,16.74654122
"793",793,12,36.92768858
"794",794,12,17.31200742
"795",795,15,37.57818965
"796",796,16,34.35683194
"797",797,19,30.72220806
"798",798,2,2.253102951
"799",799,20,17.56327218
"800",800,20,81.36803136
"801",801,22,75.96064732
"802",802,25,42.16486255
"803",803,26,35.65320061
"804",804,29,38.53947208
"805",805,3,0.266472354
"806",806,30,51.16832419
"807",807,33,32.96974124
"808",808,36,40.09787553
"809",809,4,5.333151252
"810",810,4,3.016887897
"811",811,5,19.16206973
"812",812,5,5.870363574
"813",813,6,23.96359373
"814",814,7,13.49201059
"815",815,7,13.42244529
"816",816,8,24.6048766
"817",817,9,45.62363239
"818",818,200,134.2213228
"819",819,200,130.3519668
"820",820,200,110.6821682
"821",821,200,229.078608
"822",822,200,129.2937541
"823",823,200,61.47531274
"824",824,200,89.48814484
"825",825,200,159.9146821
"826",826,11,51.47
"827",827,12,77.48
"828",828,14,55.63
"829",829,20,63.19
"830",830,20,63.12
"831",831,20,102.39
"832",832,20,86.72
"833",833,30,58.83
"834",834,35,139.27
"835",835,35,117.94
"836",836,40,171.73
"837",837,60,152.55
"838",838,60,106.04
"839",839,60,178.24
"840",840,80,127.5
"841",841,80,166.7
"842",842,80,129.76
"843",843,80,155.6
"844",844,9,44.83
"845",845,200,212.22
"846",846,200,233.47
"847",847,200,245.73
"848",848,200,243.12
"849",849,10,35.07893943
"850",850,15,62.5632506
"851",851,20,56.3938468
"852",852,23,76.59102264
"853",853,3,0.635357724
"854",854,30,106.9020637
"855",855,40,115.3315187
"856",856,5,43.60041308
"857",857,50,150.9121049
"858",858,7,45.67065308
"859",859,8,35.52540889
"860",860,200,128.7880159
"861",861,200,52.168016
"862",862,200,125.3321646
"863",863,200,122.5201587
"864",864,200,159.8262147
"865",865,200,133.4658027
"866",866,200,201.3786972
"867",867,200,169.3888446
"868",868,200,106.942728
"869",869,200,127.93806
"870",870,11,139.2684124
"871",871,12,115.8270262
"872",872,13,53.66066009
"873",873,15,103.8245555
"874",874,15,42.15726513
"875",875,17,103.8083875
"876",876,20,163.5089606
"877",877,23,216.2623346
"878",878,23,221.8712529
"879",879,23,214.7542289
"880",880,25,249.9625643
"881",881,25,243.8039755
"882",882,25,247.5869047
"883",883,25,102.921861
"884",884,35,135.6251112
"885",885,35,275.5399713
"886",886,35,554.869461
"887",887,35,233.9095548
"888",888,35,210.8117376
"889",889,35,127.2666368
"890",890,37,441.1476935
"891",891,37,306.3767189
"892",892,40,239.2116374
"893",893,40,231.4158485
"894",894,40,169.0054388
"895",895,40,346.5057373
"896",896,40,231.2298445
"897",897,40,223.1945122
"898",898,45,186.9565153
"899",899,45,430.0576297
"900",900,50,265.0912865
"901",901,50,185.1012506
"902",902,50,499.262972
"903",903,6,71.70892653
"904",904,60,269.7931529
"905",905,60,176.9756854
"906",906,65,397.6714315
"907",907,65,278.9597499
"908",908,70,339.5411771
"909",909,8,63.35400115
"910",910,200,191.2892613
"911",911,200,211.3376828
"912",912,200,644.3282084
"913",913,10,0.484638241
"914",914,11,34.21864004
"915",915,12,112.2272987
"916",916,15,117.9324402
"917",917,18,74.1162734
"918",918,18,199.5560584
"919",919,21,179.5867424
"920",920,25,235.2487358
"921",921,25,110.3523201
"922",922,25,85.7330252
"923",923,25,131.7577133
"924",924,30,281.5701026
"925",925,30,180.6016063
"926",926,45,238.4471684
"927",927,5,5.286954932
"928",928,5,73.04389227
"929",929,5,50.21052727
"930",930,5,20.6920503
"931",931,5,27.93542448
"932",932,65,261.6674266
"933",933,70,437.7831355
"934",934,70,346.7255919
"935",935,11,48.83718964
"936",936,11,85.54086055
"937",937,11,153.4536341
"938",938,17.5,59.72749629
"939",939,17.5,59.00914985
"940",940,28.5,227.6171311
"941",941,28.5,109.4181533
"942",942,28.5,279.0666974
"943",943,28.5,122.5674367
"944",944,45,96.55928255
"945",945,200,345.4826028
"946",946,10,172.6980176
"947",947,10,76.37816967
"948",948,20,159.7071708
"949",949,23,150.5114334
"950",950,36,213.5632225
"951",951,41,261.045126
"952",952,200,275.6282709
"953",953,200,299.6512503
"954",954,10,52.0643966
"955",955,10,144.3750159
"956",956,10,91.4281172
"957",957,11,35.91710593
"958",958,11,80.0318359
"959",959,14,11.57721107
"960",960,16,87.38342915
"961",961,18,115.6460037
"962",962,18,149.144844
"963",963,18,142.6861178
"964",964,19,19.45449661
"965",965,19,132.1673947
"966",966,21,265.8045212
"967",967,23,122.6530494
"968",968,24,141.4166812
"969",969,24,128.2427719
"970",970,25,130.9092558
"971",971,27,248.8871536
"972",972,32,319.5474337
"973",973,34,214.3171867
"974",974,35,170.3239708
"975",975,42,268.7050052
"976",976,42,250.0981464
"977",977,200,215.8199961
"978",978,200,189.8123008
"979",979,200,175.9820185
"980",980,200,134.1951678
"981",981,200,166.0949407
"982",982,200,264.9894799
"983",983,200,199.6526428
"984",984,10,89.56984023
"985",985,18,131.8215922
"986",986,18,99.48170849
"987",987,18,132.2163033
"988",988,50,256.3984201
"989",989,50,132.7248522
"990",990,50,224.6379861
"991",991,8,72.15654071
"992",992,8,26.22718608
"993",993,10,33.45095458
"994",994,12,34.06452652
"995",995,15,70.87740202
"996",996,15,61.96686251
"997",997,20,51.54774438
"998",998,4,15.18083725
"999",999,5,17.6676549
"1000",1000,8,14.04388433
"1001",1001,10,40.30559546
"1002",1002,15,152.9919344
"1003",1003,25,173.2502562
"1004",1004,6,23.17143755
"1005",1005,8,22.64676516
"1006",1006,10,30.66210723
"1007",1007,10,29.60169171
"1008",1008,10,44.19483376
"1009",1009,10,20.54994355
"1010",1010,10,35.63183509
"1011",1011,10,29.55787866
"1012",1012,10,80.91924656
"1013",1013,10,47.76193169
"1014",1014,10,81.46804312
"1015",1015,10,42.85780035
"1016",1016,10,22.71695772
"1017",1017,10,55.17588296
"1018",1018,10,32.31485595
"1019",1019,10,61.21334044
"1020",1020,10,16.78028849
"1021",1021,10,52.26747684
"1022",1022,10,38.10663032
"1023",1023,10,43.37778727
"1024",1024,10,24.88239229
"1025",1025,10,25.39073084
"1026",1026,10,9.406256647
"1027",1027,10,10.54673977
"1028",1028,10,18.02803415
"1029",1029,10,27.06148306
"1030",1030,10,46.58804724
"1031",1031,10,57.50876351
"1032",1032,10,26.03428661
"1033",1033,10,52.35508012
"1034",1034,10,19.17368797
"1035",1035,10,22.34144385
"1036",1036,10,31.43891373
"1037",1037,10,14.82524004
"1038",1038,10,6.467408447
"1039",1039,11,35.47490329
"1040",1040,11,35.86539291
"1041",1041,11,28.18943105
"1042",1042,12,32.42803565
"1043",1043,12,53.7063248
"1044",1044,12,34.51353088
"1045",1045,12,69.32829504
"1046",1046,12,104.364678
"1047",1047,12,43.30922469
"1048",1048,12,28.54579357
"1049",1049,12,14.78714177
"1050",1050,12,79.57032446
"1051",1051,12,21.36067826
"1052",1052,13,63.54407183
"1053",1053,13,33.33868842
"1054",1054,13,50.96785673
"1055",1055,13,37.88222627
"1056",1056,14,93.08327573
"1057",1057,14,38.29010686
"1058",1058,14,88.23850081
"1059",1059,14,22.43028191
"1060",1060,14,45.94985336
"1061",1061,15,22.68136228
"1062",1062,15,48.95601801
"1063",1063,15,61.04981679
"1064",1064,15,49.92510372
"1065",1065,15,80.44695551
"1066",1066,15,41.12491721
"1067",1067,15,12.18984605
"1068",1068,15,33.32439239
"1069",1069,15,49.22649407
"1070",1070,15,30.39431209
"1071",1071,15,41.84493034
"1072",1072,15,51.425697
"1073",1073,16,45.85751968
"1074",1074,16,82.80516413
"1075",1075,16,89.3240455
"1076",1076,16,62.92008256
"1077",1077,16,28.28409467
"1078",1078,16,83.40104907
"1079",1079,16,50.83640706
"1080",1080,16,49.90055735
"1081",1081,16,65.07172521
"1082",1082,17,94.83206416
"1083",1083,17,41.06382781
"1084",1084,17,135.426933
"1085",1085,18,51.60946431
"1086",1086,18,29.45961744
"1087",1087,18,47.29632001
"1088",1088,18,36.48963527
"1089",1089,18,85.19640342
"1090",1090,18,53.22770869
"1091",1091,20,31.8205799
"1092",1092,20,49.1451588
"1093",1093,20,36.89402319
"1094",1094,20,47.67817572
"1095",1095,20,75.25373595
"1096",1096,20,42.61280429
"1097",1097,20,70.02342668
"1098",1098,20,46.22601513
"1099",1099,20,89.58564067
"1100",1100,20,83.46814822
"1101",1101,20,89.25318108
"1102",1102,20,69.62634895
"1103",1103,20,110.56301
"1104",1104,20,105.4862757
"1105",1105,20,94.46885354
"1106",1106,20,71.1524826
"1107",1107,20,58.74672887
"1108",1108,20,172.4339433
"1109",1109,20,36.17693516
"1110",1110,20,92.54404384
"1111",1111,20,83.31451746
"1112",1112,20,81.21695156
"1113",1113,20,89.3910794
"1114",1114,20,80.02600249
"1115",1115,20,93.54696908
"1116",1116,20,130.0286537
"1117",1117,20,58.6509408
"1118",1118,20,88.66076997
"1119",1119,20,68.94376446
"1120",1120,20,76.74416951
"1121",1121,20,51.1201209
"1122",1122,25,126.3650782
"1123",1123,25,94.46709353
"1124",1124,25,86.51966062
"1125",1125,25,59.66792837
"1126",1126,25,85.95787812
"1127",1127,25,121.1957535
"1128",1128,25,101.9694042
"1129",1129,25,125.207239
"1130",1130,25,98.0922296
"1131",1131,25,88.02520001
"1132",1132,25,56.94448805
"1133",1133,25,44.29889646
"1134",1134,25,64.6036427
"1135",1135,25,71.69914652
"1136",1136,3,0.292508352
"1137",1137,30,79.28861499
"1138",1138,30,71.40581463
"1139",1139,30,107.1651218
"1140",1140,30,82.53124093
"1141",1141,30,104.4161069
"1142",1142,30,111.2171006
"1143",1143,30,135.9170381
"1144",1144,30,145.2172257
"1145",1145,30,102.9252529
"1146",1146,30,67.76039639
"1147",1147,30,54.257246
"1148",1148,30,70.60590967
"1149",1149,30,61.60957786
"1150",1150,30,163.0047449
"1151",1151,30,80.62555014
"1152",1152,30,61.97842432
"1153",1153,30,107.2510614
"1154",1154,30,82.6507248
"1155",1155,30,41.31913152
"1156",1156,35,99.10027104
"1157",1157,35,39.13870354
"1158",1158,35,54.11979565
"1159",1159,35,170.7483308
"1160",1160,35,61.97888629
"1161",1161,35,64.34000346
"1162",1162,35,111.5161622
"1163",1163,4,13.56997429
"1164",1164,4,21.00907693
"1165",1165,40,127.6285778
"1166",1166,40,79.7949556
"1167",1167,40,206.9445339
"1168",1168,40,71.0890792
"1169",1169,40,115.7475173
"1170",1170,40,138.9746235
"1171",1171,40,51.82349296
"1172",1172,40,75.02609946
"1173",1173,40,120.4019521
"1174",1174,40,115.6299198
"1175",1175,40,67.95885821
"1176",1176,40,75.8131867
"1177",1177,40,83.52454411
"1178",1178,40,84.44696371
"1179",1179,40,101.3518254
"1180",1180,40,99.8624458
"1181",1181,40,82.88546316
"1182",1182,40,31.66279102
"1183",1183,40,81.43787115
"1184",1184,40,170.3778355
"1185",1185,40,109.1895273
"1186",1186,40,58.70903782
"1187",1187,45,83.75850251
"1188",1188,5,4.306525918
"1189",1189,5,0.711477281
"1190",1190,5,0.292508352
"1191",1191,5,1.402582369
"1192",1192,50,124.3310348
"1193",1193,50,54.4010287
"1194",1194,50,107.6847778
"1195",1195,50,76.20614719
"1196",1196,50,116.5256123
"1197",1197,50,108.3826003
"1198",1198,50,103.6269686
"1199",1199,50,222.0263775
"1200",1200,50,79.46838616
"1201",1201,50,113.508117
"1202",1202,50,178.2102818
"1203",1203,50,127.1200759
"1204",1204,50,64.1875449
"1205",1205,50,68.75180555
"1206",1206,50,129.5399062
"1207",1207,50,63.37696665
"1208",1208,50,90.16937292
"1209",1209,50,44.14981375
"1210",1210,6,7.900318522
"1211",1211,6,3.409822777
"1212",1212,6,12.35388916
"1213",1213,6,7.465240276
"1214",1214,6,4.635119353
"1215",1215,6,7.598784518
"1216",1216,6,4.125754225
"1217",1217,6,30.11461537
"1218",1218,6,7.397981415
"1219",1219,6,1.841499291
"1220",1220,6,20.18249483
"1221",1221,6,6.804213768
"1222",1222,6,7.590309584
"1223",1223,6,5.07935934
"1224",1224,6,2.782390706
"1225",1225,6,0.958186611
"1226",1226,60,96.93857249
"1227",1227,60,152.8637554
"1228",1228,60,75.14610078
"1229",1229,60,112.4020158
"1230",1230,60,123.7087029
"1231",1231,60,175.8267238
"1232",1232,60,225.8397773
"1233",1233,60,122.511264
"1234",1234,60,158.1431354
"1235",1235,60,204.3399616
"1236",1236,60,114.6413094
"1237",1237,60,132.1029542
"1238",1238,60,169.8375712
"1239",1239,60,135.4179037
"1240",1240,60,98.3913751
"1241",1241,60,179.8404542
"1242",1242,60,72.57333886
"1243",1243,7,3.416771101
"1244",1244,7,3.440530602
"1245",1245,7,9.954392787
"1246",1246,7,20.10782172
"1247",1247,7,17.39867422
"1248",1248,7,12.04878075
"1249",1249,7,13.24873395
"1250",1250,7,32.35733906
"1251",1251,7,25.63383787
"1252",1252,7,6.92524207
"1253",1253,7,6.35304556
"1254",1254,70,92.76730992
"1255",1255,8,13.60652298
"1256",1256,8,25.74079348
"1257",1257,8,12.10018517
"1258",1258,8,30.37523496
"1259",1259,8,48.73310147
"1260",1260,8,18.62951318
"1261",1261,8,12.40257817
"1262",1262,8,37.90650253
"1263",1263,8,5.229538199
"1264",1264,8,13.09606336
"1265",1265,8,12.75202169
"1266",1266,8,8.45461925
"1267",1267,8,7.454582636
"1268",1268,8,6.556699867
"1269",1269,8,33.33219248
"1270",1270,8,12.66629913
"1271",1271,8,12.02333941
"1272",1272,9,57.23206084
"1273",1273,9,31.66001157
"1274",1274,9,42.37892291
"1275",1275,9,9.505593802
"1276",1276,9,15.77982143
"1277",1277,9,31.31292751
"1278",1278,9,19.60541077
"1279",1279,9,26.1969272
"1280",1280,200,100.2550621
"1281",1281,200,93.87273093
"1282",1282,200,233.0106345
"1283",1283,200,85.70389845
"1284",1284,200,121.4042114
"1285",1285,200,62.23988047
"1286",1286,200,91.71246602
"1287",1287,200,57.43830387
"1288",1288,200,327.1739357
"1289",1289,200,214.9852212
"1290",1290,200,60.00386054
"1291",1291,200,107.4960747
"1292",1292,200,115.7521644
"1293",1293,200,132.0605805
"1294",1294,200,92.64111679
"1295",1295,200,109.6141396
"1296",1296,10,198.6282111
"1297",1297,12,186.5657011
"1298",1298,12,71.99599793
"1299",1299,12,256.4534315
"1300",1300,12,40.36376723
"1301",1301,14,33.91343566
"1302",1302,15,8.207517165
"1303",1303,15,53.67669992
"1304",1304,15,21.37731233
"1305",1305,15,5.861207671
"1306",1306,2,52.74606983
"1307",1307,2,114.1541698
"1308",1308,20,153.6563876
"1309",1309,20,47.59927503
"1310",1310,20,27.06026401
"1311",1311,20,300.2327514
"1312",1312,20,27.19566419
"1313",1313,20,15.23540631
"1314",1314,23,228.4989946
"1315",1315,25,159.4929919
"1316",1316,25,71.51342834
"1317",1317,25,197.6380616
"1318",1318,25,46.23192794
"1319",1319,25,9.18469893
"1320",1320,25,27.69576945
"1321",1321,25,0
"1322",1322,28,11.91129892
"1323",1323,3,271.5307173
"1324",1324,3,27.29640571
"1325",1325,3,51.80027021
"1326",1326,3,22.38642631
"1327",1327,3,25.14913731
"1328",1328,30,192.01418
"1329",1329,4,65.37166765
"1330",1330,5,10.078132
"1331",1331,52,70.68325749
"1332",1332,8,10.50739075
"1333",1333,8,8.96695705
"1334",1334,9,82.04361492
